Id;Title;Distributor;Genre
2;What Lies Beneath;Dreamworks SKG;Thriller-or-Suspense
3;Unbreakable;Walt Disney;Thriller-or-Suspense
4;The Cell;New Line;Thriller-or-Suspense
5;Vertical Limit;Sony Pictures;Thriller-or-Suspense
6;Frequency;New Line;Thriller-or-Suspense
7;The Talented Mr. Ripley;Paramount Pictures;Thriller-or-Suspense
8;The Skulls;Universal;Thriller-or-Suspense
9;The Art of War;Warner Bros.;Thriller-or-Suspense
10;The Watcher;Universal;Thriller-or-Suspense
11;The Ninth Gate;Artisan;Thriller-or-Suspense
12;The Contender;Dreamworks SKG;Thriller-or-Suspense
13;The Sixth Sense;Walt Disney;Thriller-or-Suspense
14;Eye of the Beholder;Destination Films;Thriller-or-Suspense
15;Supernova;MGM;Thriller-or-Suspense
16;The In Crowd;Warner Bros.;Thriller-or-Suspense
17;The Bone Collector;Universal;Thriller-or-Suspense
18;Blood Simple;USA Films;Thriller-or-Suspense
19;Trois;Rainforest Produc…;Thriller-or-Suspense
20;Du rififi chez les hommes;;Thriller-or-Suspense
21;Under Suspicion;;Thriller-or-Suspense
22;Baise-moi;;Thriller-or-Suspense
23;Deterrence;;Thriller-or-Suspense
24;With a Friend Like Harry;Miramax;Thriller-or-Suspense
25;Lola rennt;Sony Pictures Cla…;Thriller-or-Suspense
26;Taboo;;Thriller-or-Suspense
27;The Gift;Paramount Vantage;Thriller-or-Suspense
28;The Thomas Crown Affair;MGM;Thriller-or-Suspense
29;Buddy Boy;Fine Line;Thriller-or-Suspense
30;Circus;Sony Pictures;Thriller-or-Suspense
31;The Quarry;First Run Features;Thriller-or-Suspense
32;Brown's Requiem;Avalanche Releasing;Thriller-or-Suspense
33;Placebo Effect;Phaedra Cinema;Thriller-or-Suspense
35;Ocean's Eleven;Warner Bros.;Thriller-or-Suspense
36;Vanilla Sky;Paramount Pictures;Thriller-or-Suspense
37;Training Day;Warner Bros.;Thriller-or-Suspense
38;Along Came a Spider;Paramount Pictures;Thriller-or-Suspense
39;The Score;Paramount Pictures;Thriller-or-Suspense
40;Donât Say a Word;20th Century Fox;Thriller-or-Suspense
41;Domestic Disturbance;Paramount Pictures;Thriller-or-Suspense
42;From Hell;20th Century Fox;Thriller-or-Suspense
43;Memento;Newmarket Films;Thriller-or-Suspense
44;15 Minutes;New Line;Thriller-or-Suspense
45;Joy Ride;20th Century Fox;Thriller-or-Suspense
46;The Pledge;Warner Bros.;Thriller-or-Suspense
47;The Last Castle;Dreamworks SKG;Thriller-or-Suspense
48;The Glass House;Sony Pictures;Thriller-or-Suspense
49;Vertical Limit;Sony Pictures;Thriller-or-Suspense
50;Original Sin;MGM;Thriller-or-Suspense
51;The Tailor of Panama;Sony Pictures;Thriller-or-Suspense
52;The Gift;Paramount Vantage;Thriller-or-Suspense
53;Antitrust;MGM;Thriller-or-Suspense
54;The Deep End;Fox Searchlight;Thriller-or-Suspense
55;Mulholland Drive;Universal;Thriller-or-Suspense
56;Unbreakable;Walt Disney;Thriller-or-Suspense
57;With a Friend Like Harry;Miramax;Thriller-or-Suspense
58;Impostor;Miramax;Thriller-or-Suspense
59;Brigham City;Excel Entertainment;Thriller-or-Suspense
60;Brother;Sony Pictures Cla…;Thriller-or-Suspense
61;Baise-moi;;Thriller-or-Suspense
62;Taboo;;Thriller-or-Suspense
63;Une affaire de goÃ»t;Attitude Films;Thriller-or-Suspense
64;The Body;Avalanche Releasing;Thriller-or-Suspense
65;Du rififi chez les hommes;;Thriller-or-Suspense
66;Fever;;Thriller-or-Suspense
67;Under Suspicion;;Thriller-or-Suspense
68;Protection;;Thriller-or-Suspense
70;Signs;Walt Disney;Thriller-or-Suspense
71;The Bourne Identity;Universal;Thriller-or-Suspense
72;Panic Room;Sony Pictures;Thriller-or-Suspense
73;Red Dragon;Universal;Thriller-or-Suspense
74;John Q.;New Line;Thriller-or-Suspense
75;Insomnia;Warner Bros.;Thriller-or-Suspense
76;Changing Lanes;Paramount Pictures;Thriller-or-Suspense
77;Unfaithful;20th Century Fox;Thriller-or-Suspense
78;High Crimes;20th Century Fox;Thriller-or-Suspense
79;Enough;Sony Pictures;Thriller-or-Suspense
80;Murder by Numbers;Warner Bros.;Thriller-or-Suspense
81;One Hour Photo;Fox Searchlight;Thriller-or-Suspense
82;Ocean's Eleven;Warner Bros.;Thriller-or-Suspense
83;Dragonfly;Universal;Thriller-or-Suspense
84;Swimfan;20th Century Fox;Thriller-or-Suspense
85;Blood Work;Warner Bros.;Thriller-or-Suspense
86;Vanilla Sky;Paramount Pictures;Thriller-or-Suspense
87;Frailty;Lionsgate;Thriller-or-Suspense
88;Abandon;Paramount Pictures;Thriller-or-Suspense
89;Trapped;Sony Pictures;Thriller-or-Suspense
90;Femme Fatale;Warner Bros.;Thriller-or-Suspense
91;The Truth About Charlie;Universal;Thriller-or-Suspense
92;Birthday Girl;Miramax;Thriller-or-Suspense
93;Enigma;Miramax;Thriller-or-Suspense
94;Impostor;Miramax;Thriller-or-Suspense
95;Mulholland Drive;Universal;Thriller-or-Suspense
96;Pandora's Box;Kino International;Thriller-or-Suspense
97;Heaven;Miramax;Thriller-or-Suspense
98;The Salton Sea;Warner Bros.;Thriller-or-Suspense
99;Domestic Disturbance;Paramount Pictures;Thriller-or-Suspense
100;Narc;Paramount Pictures;Thriller-or-Suspense
101;Road;;Thriller-or-Suspense
102;From Hell;20th Century Fox;Thriller-or-Suspense
103;The Bank;Cinema Guild;Thriller-or-Suspense
104;Interview with the Assassin;;Thriller-or-Suspense
105;Donât Say a Word;20th Century Fox;Thriller-or-Suspense
106;Gangster No. 1;IFC Films;Thriller-or-Suspense
107;Revolution#9;;Thriller-or-Suspense
108;Blackwoods;ThinkFilm;Thriller-or-Suspense
110;The Recruit;Walt Disney;Thriller-or-Suspense
111;Identity;Sony Pictures;Thriller-or-Suspense
112;Runaway Jury;20th Century Fox;Thriller-or-Suspense
113;Phone Booth;20th Century Fox;Thriller-or-Suspense
114;Out of Time;MGM;Thriller-or-Suspense
115;Paycheck;Paramount Pictures;Thriller-or-Suspense
116;Basic;Sony Pictures;Thriller-or-Suspense
117;Cold Creek Manor;Walt Disney;Thriller-or-Suspense
118;The Life of David Gale;Universal;Thriller-or-Suspense
119;Narc;Paramount Pictures;Thriller-or-Suspense
120;Swimming Pool;Focus Features;Thriller-or-Suspense
121;The Order;20th Century Fox;Thriller-or-Suspense
122;In the Cut;Sony Pictures;Thriller-or-Suspense
123;Ã  la folie... pas du tout;Samuel Goldwyn Films;Thriller-or-Suspense
124;Le cercle rouge;;Thriller-or-Suspense
125;The Statement;Sony Pictures;Thriller-or-Suspense
126;The Hero: Love Story of a Spy;;Thriller-or-Suspense
127;Demonlover;Palm Pictures;Thriller-or-Suspense
128;Signs;Walt Disney;Thriller-or-Suspense
129;No Good Deed;Mac Releasing;Thriller-or-Suspense
130;The Bank;Cinema Guild;Thriller-or-Suspense
131;Night of Destiny;ArtMattan Films;Thriller-or-Suspense
133;The Bourne Supremacy;Universal;Thriller-or-Suspense
134;The Village;Walt Disney;Thriller-or-Suspense
135;Man on Fire;20th Century Fox;Thriller-or-Suspense
136;Ladder 49;Walt Disney;Thriller-or-Suspense
137;The Forgotten;Sony Pictures;Thriller-or-Suspense
138;The Manchurian Candidate;Paramount Pictures;Thriller-or-Suspense
139;The Butterfly Effect;New Line;Thriller-or-Suspense
140;Secret Window;Sony Pictures;Thriller-or-Suspense
141;Taking Lives;Warner Bros.;Thriller-or-Suspense
142;Cellular;New Line;Thriller-or-Suspense
143;Open Water;Lionsgate;Thriller-or-Suspense
144;Twisted;Paramount Pictures;Thriller-or-Suspense
145;Paparazzi;20th Century Fox;Thriller-or-Suspense
146;Paycheck;Paramount Pictures;Thriller-or-Suspense
147;Godsend;Lionsgate;Thriller-or-Suspense
148;Wicker Park;MGM;Thriller-or-Suspense
149;Spartan;Warner Bros.;Thriller-or-Suspense
150;The Machinist;Paramount Vantage;Thriller-or-Suspense
151;The Final Cut;Lionsgate;Thriller-or-Suspense
152;The Statement;Sony Pictures;Thriller-or-Suspense
153;Runaway Jury;20th Century Fox;Thriller-or-Suspense
154;I'll Sleep When I'm Dead;Paramount Vantage;Thriller-or-Suspense
155;Enduring Love;Paramount Vantage;Thriller-or-Suspense
156;Cavale;Magnolia Pictures;Thriller-or-Suspense
157;Close Your Eyes;;Thriller-or-Suspense
158;Shade;;Thriller-or-Suspense
159;The Burial Society;Regent Releasing;Thriller-or-Suspense
160;Out of Time;MGM;Thriller-or-Suspense
161;Reeseville;Innovation Film G…;Thriller-or-Suspense
162;La mentale;;Thriller-or-Suspense
163;Who Killed Bambi?;Strand;Thriller-or-Suspense
164;Demonlover;Palm Pictures;Thriller-or-Suspense
166;Flightplan;Walt Disney;Thriller-or-Suspense
167;Four Brothers;Paramount Pictures;Thriller-or-Suspense
168;Sin City;Miramax/Dimension;Thriller-or-Suspense
169;The Interpreter;Universal;Thriller-or-Suspense
170;Red Eye;Dreamworks SKG;Thriller-or-Suspense
171;Syriana;Warner Bros.;Thriller-or-Suspense
172;Derailed;Weinstein Co.;Thriller-or-Suspense
173;The Constant Gardener;Focus Features;Thriller-or-Suspense
174;A History of Violence;New Line;Thriller-or-Suspense
175;Munich;Universal;Thriller-or-Suspense
176;Cry Wolf;Focus/Rogue Pictures;Thriller-or-Suspense
177;The Jacket;Warner Independent;Thriller-or-Suspense
178;Underclassman;Miramax;Thriller-or-Suspense
179;Mindhunters;Miramax/Dimension;Thriller-or-Suspense
180;Stay;20th Century Fox;Thriller-or-Suspense
181;Layer Cake;Sony Pictures Cla…;Thriller-or-Suspense
182;Oldboy;Tartan Films;Thriller-or-Suspense
183;Ladder 49;Walt Disney;Thriller-or-Suspense
184;Match Point;Dreamworks SKG;Thriller-or-Suspense
185;Asylum;Paramount Vantage;Thriller-or-Suspense
186;Dot the I;Freestyle Releasing;Thriller-or-Suspense
187;Kontroll;ThinkFilm;Thriller-or-Suspense
188;The Machinist;Paramount Vantage;Thriller-or-Suspense
189;The Matador;Weinstein Co.;Thriller-or-Suspense
190;The Other Side of the Street;Strand;Thriller-or-Suspense
191;Chocolate: Deep Dark Secrets;Eros Entertainment;Thriller-or-Suspense
192;Boksuneun naui geot;Tartan Films;Thriller-or-Suspense
193;Classe Tous Risques;Rialto Pictures;Thriller-or-Suspense
194;Fascination;MGM;Thriller-or-Suspense
195;Salinsui Chooeok;Palm Pictures;Thriller-or-Suspense
196;Enduring Love;Paramount Vantage;Thriller-or-Suspense
197;Who Killed Bambi?;Strand;Thriller-or-Suspense
198;Kalyug;Kria;Thriller-or-Suspense
200;The Da Vinci Code;Sony Pictures;Thriller-or-Suspense
201;Inside Man;Universal;Thriller-or-Suspense
202;DÃ©jÃ  Vu;Walt Disney;Thriller-or-Suspense
203;The Prestige;Walt Disney;Thriller-or-Suspense
204;Firewall;Warner Bros.;Thriller-or-Suspense
205;Lady in the Water;Warner Bros.;Thriller-or-Suspense
206;The Sentinel;20th Century Fox;Thriller-or-Suspense
207;Snakes on a Plane;New Line;Thriller-or-Suspense
208;Munich;Universal;Thriller-or-Suspense
209;The Descent;Lionsgate;Thriller-or-Suspense
210;The Black Dahlia;Universal;Thriller-or-Suspense
211;Lucky Number Slevin;MGM;Thriller-or-Suspense
212;Match Point;Dreamworks SKG;Thriller-or-Suspense
213;Syriana;Warner Bros.;Thriller-or-Suspense
214;The Matador;Weinstein Co.;Thriller-or-Suspense
215;The Return;Focus Features;Thriller-or-Suspense
216;Turistas;20th Century Fox;Thriller-or-Suspense
217;Basic Instinct 2;Sony Pictures;Thriller-or-Suspense
218;A Scanner Darkly;Warner Bros.;Thriller-or-Suspense
219;Catch a Fire;Focus Features;Thriller-or-Suspense
220;Children of Men;Universal;Thriller-or-Suspense
221;Flightplan;Walt Disney;Thriller-or-Suspense
222;Derailed;Weinstein Co.;Thriller-or-Suspense
223;A History of Violence;New Line;Thriller-or-Suspense
224;Chinjeolhan geumjassi;Tartan Films;Thriller-or-Suspense
225;The Fallen Idol;Rialto Pictures;Thriller-or-Suspense
226;13 Tzameti;Palm Pictures;Thriller-or-Suspense
227;La Demoiselle d'honneur;First Run Features;Thriller-or-Suspense
228;Cavite;Truly Indie;Thriller-or-Suspense
229;Classe Tous Risques;Rialto Pictures;Thriller-or-Suspense
230;Moonlight;Indican Pictures;Thriller-or-Suspense
231;The Zodiac;ThinkFilm;Thriller-or-Suspense
232;El Aura;IFC Films;Thriller-or-Suspense
233;Hate Crime;Pasidg Productions;Thriller-or-Suspense
234;Unknown;IFC Films;Thriller-or-Suspense
235;The Dead Girl;First Look;Thriller-or-Suspense
236;Boksuneun naui geot;Tartan Films;Thriller-or-Suspense
237;Zyzzyx Rd.;Regent Releasing;Thriller-or-Suspense
239;The Bourne Ultimatum;Universal;Thriller-or-Suspense
240;Disturbia;Paramount Pictures;Thriller-or-Suspense
241;Premonition;Sony Pictures;Thriller-or-Suspense
242;Shooter;Paramount Pictures;Thriller-or-Suspense
243;Fracture;New Line;Thriller-or-Suspense
244;The Brave One;Warner Bros.;Thriller-or-Suspense
245;The Number 23;New Line;Thriller-or-Suspense
246;Children of Men;Universal;Thriller-or-Suspense
247;Breach;Universal;Thriller-or-Suspense
248;Mr. Brooks;MGM;Thriller-or-Suspense
249;Hannibal Rising;Weinstein Co.;Thriller-or-Suspense
250;Nancy Drew;Warner Bros.;Thriller-or-Suspense
251;Perfect Stranger;Sony Pictures;Thriller-or-Suspense
252;The Invisible;Walt Disney;Thriller-or-Suspense
253;Vacancy;Sony Pictures;Thriller-or-Suspense
254;Eastern Promises;Focus Features;Thriller-or-Suspense
255;The Hitcher;Focus Features;Thriller-or-Suspense
256;The Invasion;Warner Bros.;Thriller-or-Suspense
257;Awake;Weinstein Co.;Thriller-or-Suspense
258;Rendition;New Line;Thriller-or-Suspense
259;I Know Who Killed Me;Sony Pictures;Thriller-or-Suspense
260;Zwartboek;Sony Pictures Cla…;Thriller-or-Suspense
261;Sunshine;Fox Searchlight;Thriller-or-Suspense
262;Illegal Tender;Universal;Thriller-or-Suspense
263;Ma Fille, Mon Ange;Alliance Atlantis;Thriller-or-Suspense
264;DÃ©jÃ  Vu;Walt Disney;Thriller-or-Suspense
265;Slow Burn;Lionsgate;Thriller-or-Suspense
266;Blade Runner;Warner Bros.;Thriller-or-Suspense
267;Thr3e;The Bigger Picture;Thriller-or-Suspense
268;Paprika;Sony Pictures Cla…;Thriller-or-Suspense
269;Sarah Landon and the Parano…;Freestyle Releasing;Thriller-or-Suspense
270;The Prestige;Walt Disney;Thriller-or-Suspense
271;Joshua;Fox Searchlight;Thriller-or-Suspense
272;Sleuth;Sony Pictures Cla…;Thriller-or-Suspense
273;Youth Without Youth;Sony Pictures Cla…;Thriller-or-Suspense
274;Fay Grim;Magnolia Pictures;Thriller-or-Suspense
275;Civic Duty;Freestyle Releasing;Thriller-or-Suspense
276;Revolver;Samuel Goldwyn Films;Thriller-or-Suspense
277;Le Doulos;Rialto Pictures;Thriller-or-Suspense
278;Turistas;20th Century Fox;Thriller-or-Suspense
279;Right at Your Door;Lionsgate;Thriller-or-Suspense
280;Hak se wui yi wo wai kwai;Tartan Films;Thriller-or-Suspense
281;The Situation;Shadow;Thriller-or-Suspense
282;Ils;Slowhand Cinema;Thriller-or-Suspense
283;Arnolds Park;The Movie Partners;Thriller-or-Suspense
284;Chacun sa nuit;Strand;Thriller-or-Suspense
285;The Dead Girl;First Look;Thriller-or-Suspense
286;El Aura;IFC Films;Thriller-or-Suspense
287;Descent;City Lights Pictures;Thriller-or-Suspense
288;Alone with Her;IFC Films;Thriller-or-Suspense
289;Splinter;Magic Lamp;Thriller-or-Suspense
290;If I Didn't Care;Artistic License;Thriller-or-Suspense
291;Ten 'Til Noon;Radio London Films;Thriller-or-Suspense
292;Imprint;Linn Productions;Thriller-or-Suspense
293;La Demoiselle d'honneur;First Run Features;Thriller-or-Suspense
294;CrÃ³nica de una fuga;IFC Films;Thriller-or-Suspense
295;Mem-o-re;Aloha Releasing;Thriller-or-Suspense
296;Moonlight;Indican Pictures;Thriller-or-Suspense
298;Eagle Eye;Paramount Pictures;Thriller-or-Suspense
299;21;Sony Pictures;Thriller-or-Suspense
300;Vantage Point;Sony Pictures;Thriller-or-Suspense
301;The Happening;20th Century Fox;Thriller-or-Suspense
302;Valkyrie;United Artists;Thriller-or-Suspense
303;The Strangers;Focus Features;Thriller-or-Suspense
304;Righteous Kill;Overture Films;Thriller-or-Suspense
305;Body of Lies;Warner Bros.;Thriller-or-Suspense
306;Lakeview Terrace;Sony Pictures;Thriller-or-Suspense
307;Changeling;Universal;Thriller-or-Suspense
308;The Bank Job;Lionsgate;Thriller-or-Suspense
309;Untraceable;Sony Pictures;Thriller-or-Suspense
310;Street Kings;Fox Searchlight;Thriller-or-Suspense
311;Traitor;Overture Films;Thriller-or-Suspense
312;88 Minutes;Sony Pictures;Thriller-or-Suspense
313;Ne le dis Ã  personne;Music Box Films;Thriller-or-Suspense
314;Deception;20th Century Fox;Thriller-or-Suspense
315;Blindness;Miramax;Thriller-or-Suspense
316;Transsiberian;First Look;Thriller-or-Suspense
317;Ghajini;AdLab Films;Thriller-or-Suspense
318;Funny Games;Warner Independent;Thriller-or-Suspense
319;Nobel Son;Freestyle Releasing;Thriller-or-Suspense
320;La fille coupÃ©e en deux;IFC Films;Thriller-or-Suspense
321;Le piÃ¨ge amÃ©ricain;;Thriller-or-Suspense
322;Blade Runner;Warner Bros.;Thriller-or-Suspense
323;Kidnap;Studio 18;Thriller-or-Suspense
324;Passengers;Sony Pictures;Thriller-or-Suspense
325;Awake;Weinstein Co.;Thriller-or-Suspense
326;Pathology;MGM;Thriller-or-Suspense
327;Cover;Reel Diva Consult…;Thriller-or-Suspense
328;Midnight Meat Train;Lionsgate;Thriller-or-Suspense
329;Youth Without Youth;Sony Pictures Cla…;Thriller-or-Suspense
330;Stuck;ThinkFilm;Thriller-or-Suspense
331;Boarding Gate;Magnet Pictures;Thriller-or-Suspense
332;Du rififi chez les hommes;;Thriller-or-Suspense
333;The Alphabet Killer;Anchor Bay Entert…;Thriller-or-Suspense
334;While She Was Out;Anchor Bay Entert…;Thriller-or-Suspense
335;Los CronocrÃ­menes;Magnolia Pictures;Thriller-or-Suspense
336;The Cry;Monterey Media;Thriller-or-Suspense
337;Anamorph;IFC Films;Thriller-or-Suspense
338;Insidious;Romantic Troubado…;Thriller-or-Suspense
339;La Question Humaine;New Yorker;Thriller-or-Suspense
340;Red;Magnolia Pictures;Thriller-or-Suspense
341;Sleuth;Sony Pictures Cla…;Thriller-or-Suspense
342;San taam;IFC Films;Thriller-or-Suspense
343;On the Other Hand, Death: A…;Regent Releasing;Thriller-or-Suspense
344;Murder.com;Regent Releasing;Thriller-or-Suspense
345;Ice Blues: A Donald Strache…;Regent Releasing;Thriller-or-Suspense
346;Fall of Hyperion;Regent Releasing;Thriller-or-Suspense
348;Taken;20th Century Fox;Thriller-or-Suspense
349;Angels & Demons;Sony Pictures;Thriller-or-Suspense
350;District 9;Sony Pictures;Thriller-or-Suspense
351;Knowing;Summit Entertainment;Thriller-or-Suspense
352;Law Abiding Citizen;Overture Films;Thriller-or-Suspense
353;Obsessed;Sony Pictures;Thriller-or-Suspense
354;State of Play;Universal;Thriller-or-Suspense
355;Push;Summit Entertainment;Thriller-or-Suspense
356;The Stepfather;Sony Pictures;Thriller-or-Suspense
357;The Fourth Kind;Universal;Thriller-or-Suspense
358;The International;Sony Pictures;Thriller-or-Suspense
359;Valkyrie;United Artists;Thriller-or-Suspense
360;Armored;Sony Pictures;Thriller-or-Suspense
361;A Perfect Getaway;Universal;Thriller-or-Suspense
362;The Box;Warner Bros.;Thriller-or-Suspense
363;Crank 2: High Voltage;Lionsgate;Thriller-or-Suspense
364;Whiteout;Warner Bros.;Thriller-or-Suspense
365;Moon;Sony Pictures Cla…;Thriller-or-Suspense
366;Sin Nombre;Focus Features;Thriller-or-Suspense
367;MÃ¤n som hatar kvinnor;Alliance Atlantis;Thriller-or-Suspense
368;Los abrazos rotos;Sony Pictures Cla…;Thriller-or-Suspense
369;Kaminey;UTV Communications;Thriller-or-Suspense
370;5150, Rue des Ormes;;Thriller-or-Suspense
371;Echelon Conspiracy;After Dark;Thriller-or-Suspense
372;Flickan som lekte med elden;;Thriller-or-Suspense
373;The Limits of Control;Focus Features;Thriller-or-Suspense
374;Wanted;Eros Entertainment;Thriller-or-Suspense
375;The Informers;Senator Entertain…;Thriller-or-Suspense
376;Revanche;Janus Films;Thriller-or-Suspense
377;Ghajini;AdLab Films;Thriller-or-Suspense
378;Flammen og Citronen;IFC Films;Thriller-or-Suspense
379;12;Sony Pictures Cla…;Thriller-or-Suspense
380;Carriers;Paramount Vantage;Thriller-or-Suspense
381;Z;Rialto Pictures;Thriller-or-Suspense
382;Sleep Dealer;Maya Releasing;Thriller-or-Suspense
383;Body of Lies;Warner Bros.;Thriller-or-Suspense
384;Julia;Magnolia Pictures;Thriller-or-Suspense
385;Ne le dis Ã  personne;Music Box Films;Thriller-or-Suspense
386;Not Forgotten;Anchor Bay Entert…;Thriller-or-Suspense
387;Eagle Eye;Paramount Pictures;Thriller-or-Suspense
388;Le combat dans l'Ã®le;The Film Desk;Thriller-or-Suspense
389;Beyond a Reasonable Doubt;Anchor Bay Entert…;Thriller-or-Suspense
390;Changeling;Universal;Thriller-or-Suspense
391;Surveillance;Magnolia Pictures;Thriller-or-Suspense
392;Death in Love;Screen Media Films;Thriller-or-Suspense
393;Donkey Punch;Magnolia Pictures;Thriller-or-Suspense
394;Killshot;Weinstein Co.;Thriller-or-Suspense
395;Los CronocrÃ­menes;Magnolia Pictures;Thriller-or-Suspense
396;The Escapist;ThinkFilm;Thriller-or-Suspense
397;The Skeptic;IFC Films;Thriller-or-Suspense
398;The Perfect Sleep;Cinema Epoch;Thriller-or-Suspense
399;Pontypool;IFC Films;Thriller-or-Suspense
400;The Canyon;Truly Indie;Thriller-or-Suspense
401;Shanghai Red;Indican Pictures;Thriller-or-Suspense
403;Inception;Warner Bros.;Thriller-or-Suspense
404;Shutter Island;Paramount Pictures;Thriller-or-Suspense
405;Salt;Sony Pictures;Thriller-or-Suspense
406;The Town;Warner Bros.;Thriller-or-Suspense
407;Takers;Sony Pictures;Thriller-or-Suspense
408;The Tourist;Sony Pictures;Thriller-or-Suspense
409;Black Swan;Fox Searchlight;Thriller-or-Suspense
410;Edge of Darkness;Warner Bros.;Thriller-or-Suspense
411;The American;Focus Features;Thriller-or-Suspense
412;Brooklyn's Finest;Overture Films;Thriller-or-Suspense
413;From Paris With Love;Lionsgate;Thriller-or-Suspense
414;Skyline;Universal;Thriller-or-Suspense
415;The Next Three Days;Lionsgate;Thriller-or-Suspense
416;The Ghost Writer;Summit Entertainment;Thriller-or-Suspense
417;Let Me In;Overture Films;Thriller-or-Suspense
418;MÃ¤n som hatar kvinnor;Alliance Atlantis;Thriller-or-Suspense
419;Flickan som lekte med elden;;Thriller-or-Suspense
420;El secreto de sus ojos;Sony Pictures Cla…;Thriller-or-Suspense
421;Luftslottet som sprÃ¤ngdes;Alliance Atlantis;Thriller-or-Suspense
422;Chloe;Sony Pictures Cla…;Thriller-or-Suspense
423;Los abrazos rotos;Sony Pictures Cla…;Thriller-or-Suspense
424;N-Secure;Freestyle Releasing;Thriller-or-Suspense
425;Harry Brown;Samuel Goldwyn Films;Thriller-or-Suspense
426;Kites;Big Pictures;Thriller-or-Suspense
427;Casino Jack;Samuel Goldwyn Films;Thriller-or-Suspense
428;Buried;Lionsgate;Thriller-or-Suspense
429;Law Abiding Citizen;Overture Films;Thriller-or-Suspense
430;The Square;Apparition;Thriller-or-Suspense
431;Les herbes folles;Sony Pictures Cla…;Thriller-or-Suspense
432;L'affaire Farewell, l'espio…;;Thriller-or-Suspense
433;La Soga;7-57 Releasing;Thriller-or-Suspense
434;Twelve;Hannover House;Thriller-or-Suspense
435;Armored;Sony Pictures;Thriller-or-Suspense
436;The Disappearance of Alice …;Anchor Bay Entert…;Thriller-or-Suspense
437;Bellamy;IFC Films;Thriller-or-Suspense
438;Tirez sur le pianiste;Janus Films;Thriller-or-Suspense
439;Ca$h;Roadside Attractions;Thriller-or-Suspense
440;L'armÃ©e du crime;Lorber Films;Thriller-or-Suspense
441;In My Sleep;Morning Star Pict…;Thriller-or-Suspense
442;Dead Awake;New Films Cinema;Thriller-or-Suspense
443;Red Hill;Sony Pictures;Thriller-or-Suspense
444;Dreamkiller;;Thriller-or-Suspense
445;Revanche;Janus Films;Thriller-or-Suspense
446;Le combat dans l'Ã®le;The Film Desk;Thriller-or-Suspense
447;Shanghai Red;Indican Pictures;Thriller-or-Suspense
448;The Box;Warner Bros.;Thriller-or-Suspense
449;Midnight Reckoning;Winter Star Enter…;Thriller-or-Suspense
450;The Oxford Murders;Magnolia Pictures;Thriller-or-Suspense
451;Inhale;IFC Films;Thriller-or-Suspense
452;Zenith;Cinema Purgatorio;Thriller-or-Suspense
453;As Good as Dead;Alchemy;Thriller-or-Suspense
454;Falling Awake;IFC Films;Thriller-or-Suspense
455;Daddy's Home;Self Distributed;Thriller-or-Suspense
457;Super 8;Paramount Pictures;Thriller-or-Suspense
458;Limitless;Relativity;Thriller-or-Suspense
459;Contagion;Warner Bros.;Thriller-or-Suspense
460;Unknown;Warner Bros.;Thriller-or-Suspense
461;The Adjustment Bureau;Universal;Thriller-or-Suspense
462;Black Swan;Fox Searchlight;Thriller-or-Suspense
463;The Lincoln Lawyer;Lionsgate;Thriller-or-Suspense
464;The Girl with the Dragon Ta…;Sony Pictures;Thriller-or-Suspense
465;Source Code;Summit Entertainment;Thriller-or-Suspense
466;Hanna;Focus Features;Thriller-or-Suspense
467;Red Riding Hood;Warner Bros.;Thriller-or-Suspense
468;The Roommate;Sony Pictures;Thriller-or-Suspense
469;In Time;20th Century Fox;Thriller-or-Suspense
470;Colombiana;Sony Pictures;Thriller-or-Suspense
471;The Debt;Focus Features;Thriller-or-Suspense
472;Abduction;Lionsgate;Thriller-or-Suspense
473;Apollo 18;Weinstein Co.;Thriller-or-Suspense
474;The Tourist;Sony Pictures;Thriller-or-Suspense
475;Straw Dogs;Sony Pictures;Thriller-or-Suspense
476;Anonymous;Sony Pictures;Thriller-or-Suspense
477;Tinker Tailor Soldier Spy;Focus Features;Thriller-or-Suspense
478;La piel que habito;Sony Pictures Cla…;Thriller-or-Suspense
479;Martha Marcy May Marlene;Fox Searchlight;Thriller-or-Suspense
480;Melancholia;Magnolia Pictures;Thriller-or-Suspense
481;La doppia ora;Samuel Goldwyn Films;Thriller-or-Suspense
482;Casino Jack;Samuel Goldwyn Films;Thriller-or-Suspense
483;A bout portant;Magnolia Pictures;Thriller-or-Suspense
484;Crime d'amour ;IFC Films;Thriller-or-Suspense
485;Di Renjie;Indomina Releasing;Thriller-or-Suspense
486;Munger Road;Freestyle Releasing;Thriller-or-Suspense
487;Hanyo;IFC Films;Thriller-or-Suspense
488;Luftslottet som sprÃ¤ngdes;Alliance Atlantis;Thriller-or-Suspense
489;Cold Weather;IFC Films;Thriller-or-Suspense
490;Akmareul Boatda (ìë§ë¥¼ ë³´ìë¤)…;Magnet Pictures;Thriller-or-Suspense
491;Misterios de Lisboa;Music Box Films;Thriller-or-Suspense
492;The Double;Image Entertainment;Thriller-or-Suspense
493;Viva Riva!;Music Box Films;Thriller-or-Suspense
494;The Perfect Host;Magnolia Pictures;Thriller-or-Suspense
495;Texas Killing Fields;Anchor Bay Entert…;Thriller-or-Suspense
496;Road to Nowhere;Monterey Media;Thriller-or-Suspense
497;Went the Day Well?;;Thriller-or-Suspense
498;Small Town Murder Songs;Monterey Media;Thriller-or-Suspense
499;Vanishing on 7th Street;Magnet Pictures;Thriller-or-Suspense
500;Brotherhood;Phase 4 Films;Thriller-or-Suspense
501;The Next Three Days;Lionsgate;Thriller-or-Suspense
502;InSight;Check Entertainme…;Thriller-or-Suspense
503;Trespass;Alchemy;Thriller-or-Suspense
504;The Tenant;Indican Pictures;Thriller-or-Suspense
505;The Town;Warner Bros.;Thriller-or-Suspense
506;I'm Not Jesus Mommy;FilmDemic;Thriller-or-Suspense
507;Shanghai Red;Indican Pictures;Thriller-or-Suspense
508;Wrecked;IFC Films;Thriller-or-Suspense
509;Inception;Warner Bros.;Thriller-or-Suspense
510;Good Neighbors;Magnolia Pictures;Thriller-or-Suspense
511;Rabia;Strand;Thriller-or-Suspense
512;Daylight;Cinema Purgatorio;Thriller-or-Suspense
513;Zenith;Cinema Purgatorio;Thriller-or-Suspense
514;Red Hill;Sony Pictures;Thriller-or-Suspense
515;Restitution;Monterey Media;Thriller-or-Suspense
516;Flickan som lekte med elden;;Thriller-or-Suspense
517;MÃ¤n som hatar kvinnor;Alliance Atlantis;Thriller-or-Suspense
519;The Hunger Games;Lionsgate;Thriller-or-Suspense
520;Taken 2;20th Century Fox;Thriller-or-Suspense
521;Prometheus;20th Century Fox;Thriller-or-Suspense
522;Safe House;Universal;Thriller-or-Suspense
523;The Bourne Legacy;Universal;Thriller-or-Suspense
524;Argo;Warner Bros.;Thriller-or-Suspense
525;Jack Reacher;Paramount Pictures;Thriller-or-Suspense
526;Chronicle;20th Century Fox;Thriller-or-Suspense
527;The Grey;Open Road;Thriller-or-Suspense
528;Savages;Universal;Thriller-or-Suspense
529;The Girl with the Dragon Ta…;Sony Pictures;Thriller-or-Suspense
530;The Cabin in the Woods;Lionsgate;Thriller-or-Suspense
531;End of Watch;Open Road;Thriller-or-Suspense
532;Alex Cross;Lionsgate;Thriller-or-Suspense
533;Premium Rush;Sony Pictures;Thriller-or-Suspense
534;Tinker Tailor Soldier Spy;Focus Features;Thriller-or-Suspense
535;Haywire;Relativity;Thriller-or-Suspense
536;Man on a Ledge;Lionsgate;Thriller-or-Suspense
537;The Raven;Relativity;Thriller-or-Suspense
538;Killing Them Softly;Weinstein Co.;Thriller-or-Suspense
539;Lockout;Open Road;Thriller-or-Suspense
540;Gone;Lionsgate;Thriller-or-Suspense
541;Arbitrage;Roadside Attractions;Thriller-or-Suspense
542;Zero Dark Thirty;Sony Pictures;Thriller-or-Suspense
543;The Cold Light of Day;Lionsgate;Thriller-or-Suspense
544;Omerta;Alliance Atlantis;Thriller-or-Suspense
545;Ek Tha Tiger;Yash Raj Films;Thriller-or-Suspense
546;Hodejegerne;Magnolia Pictures;Thriller-or-Suspense
547;Cosmopolis;Entertainment One;Thriller-or-Suspense
548;Agent Vinod;Eros Entertainment;Thriller-or-Suspense
549;The Paperboy;Alchemy;Thriller-or-Suspense
550;Melancholia;Magnolia Pictures;Thriller-or-Suspense
551;In Time;20th Century Fox;Thriller-or-Suspense
552;Sound of My Voice;Fox Searchlight;Thriller-or-Suspense
553;Branded;Roadside Attractions;Thriller-or-Suspense
554;Elena;Zeitgeist;Thriller-or-Suspense
555;Snabba Cash;Weinstein Co.;Thriller-or-Suspense
556;Polisse;IFC Films;Thriller-or-Suspense
557;From Beneath;Nocturnal Features;Thriller-or-Suspense
558;La piel que habito;Sony Pictures Cla…;Thriller-or-Suspense
559;The Woman in the Fifth;ATO Pictures;Thriller-or-Suspense
560;360;Magnolia Pictures;Thriller-or-Suspense
561;On the Ice;PMK*BNC;Thriller-or-Suspense
562;Martha Marcy May Marlene;Fox Searchlight;Thriller-or-Suspense
563;Deadfall;Magnolia Pictures;Thriller-or-Suspense
564;Red Lights;Alchemy;Thriller-or-Suspense
565;Wake in Fright;Drafthouse Films;Thriller-or-Suspense
566;Soldiers of Fortune;Roadside Attractions;Thriller-or-Suspense
567;Max et les ferrailleurs;Rialto Pictures;Thriller-or-Suspense
568;Keyhole;Monterey Media;Thriller-or-Suspense
569;The Day;Anchor Bay Entert…;Thriller-or-Suspense
570;The Divide;Anchor Bay Entert…;Thriller-or-Suspense
571;$upercapitalist;;Thriller-or-Suspense
572;Trade of Innocents;Monterey Media;Thriller-or-Suspense
573;Shanghai Red;Indican Pictures;Thriller-or-Suspense
574;Beneath the Darkness;Image Entertainment;Thriller-or-Suspense
575;Snowtown;IFC Midnight;Thriller-or-Suspense
576;Pusher;Radius;Thriller-or-Suspense
577;Brake;IFC Films;Thriller-or-Suspense
578;Nuit Blanche;TriBeca Films;Thriller-or-Suspense
579;ATM;IFC Films;Thriller-or-Suspense
580;The Samaritan;IFC Films;Thriller-or-Suspense
581;Le Moine;Mongrel Media;Thriller-or-Suspense
582;Le combat dans l'Ã®le;The Film Desk;Thriller-or-Suspense
583;Fon tok kuen fah;Kino Lorber;Thriller-or-Suspense
584;A Dark Truth;Magnolia Pictures;Thriller-or-Suspense
586;Gravity;Warner Bros.;Thriller-or-Suspense
587;Now You See Me;Lionsgate;Thriller-or-Suspense
588;Olympus Has Fallen;FilmDistrict;Thriller-or-Suspense
589;Zero Dark Thirty;Sony Pictures;Thriller-or-Suspense
590;Oblivion;Universal;Thriller-or-Suspense
591;White House Down;Sony Pictures;Thriller-or-Suspense
592;Prisoners;Warner Bros.;Thriller-or-Suspense
593;The Call;Sony Pictures;Thriller-or-Suspense
594;Snitch;Lionsgate;Thriller-or-Suspense
595;Side Effects;Open Road;Thriller-or-Suspense
596;The Host;Open Road;Thriller-or-Suspense
597;Argo;Warner Bros.;Thriller-or-Suspense
598;Escape Plan;Lionsgate;Thriller-or-Suspense
599;Broken City;20th Century Fox;Thriller-or-Suspense
600;Runner Runner;20th Century Fox;Thriller-or-Suspense
601;Parker;FilmDistrict;Thriller-or-Suspense
602;The Counselor;20th Century Fox;Thriller-or-Suspense
603;Jack Reacher;Paramount Pictures;Thriller-or-Suspense
604;Spring Breakers;A24;Thriller-or-Suspense
605;Dead Man Down;FilmDistrict;Thriller-or-Suspense
606;Getaway;Warner Bros.;Thriller-or-Suspense
607;Paranoia;Relativity;Thriller-or-Suspense
608;All is Lost;Roadside Attractions;Thriller-or-Suspense
609;Closed Circuit;Focus Features;Thriller-or-Suspense
610;The Company You Keep;Sony Pictures Cla…;Thriller-or-Suspense
611;Trance;Fox Searchlight;Thriller-or-Suspense
612;The Saratov Approach;Purdie Distribution;Thriller-or-Suspense
613;Phantom;RCR Media Group;Thriller-or-Suspense
614;Only God Forgives;Radius;Thriller-or-Suspense
615;Taken 2;20th Century Fox;Thriller-or-Suspense
616;Sinsegye;Well Go USA;Thriller-or-Suspense
617;Kapringen;Magnolia Pictures;Thriller-or-Suspense
618;On The Job;Well Go USA;Thriller-or-Suspense
619;Du zhan;Variance Films;Thriller-or-Suspense
620;Europa Report;Magnolia Pictures;Thriller-or-Suspense
621;End of Watch;Open Road;Thriller-or-Suspense
622;Shadow Dancer;Magnolia Pictures;Thriller-or-Suspense
623;Das letzte Schweigen;Music Box Films;Thriller-or-Suspense
624;Passion;Entertainment One;Thriller-or-Suspense
625;Byzantium;IFC Films;Thriller-or-Suspense
626;We Are What We Are;Entertainment One;Thriller-or-Suspense
627;Go For Sisters;Variance Films;Thriller-or-Suspense
628;The Canyons;IFC Films;Thriller-or-Suspense
629;Final: The Rapture;Riverrain;Thriller-or-Suspense
630;Killing Them Softly;Weinstein Co.;Thriller-or-Suspense
631;Redemption;Roadside Attractions;Thriller-or-Suspense
632;Maniac;IFC Midnight;Thriller-or-Suspense
633;Graceland;Drafthouse Films;Thriller-or-Suspense
634;Simon Killer;IFC Films;Thriller-or-Suspense
635;The Last Days on Mars;Magnolia Pictures;Thriller-or-Suspense
636;A Single Shot;TriBeca Films;Thriller-or-Suspense
637;Evil Intent;;Thriller-or-Suspense
638;Girls Against Boys;Anchor Bay Entert…;Thriller-or-Suspense
639;Welcome to the Punch;IFC Films;Thriller-or-Suspense
640;La proie;Cohen Media Group;Thriller-or-Suspense
641;Le Moine;Mongrel Media;Thriller-or-Suspense
642;Sweetwater;;Thriller-or-Suspense
643;A Dark Truth;Magnolia Pictures;Thriller-or-Suspense
644;Inescapable;IFC Films;Thriller-or-Suspense
645;Rubberneck;TriBeca Films;Thriller-or-Suspense
646;Silver Circle;Hybrid Pictures;Thriller-or-Suspense
647;Max et les ferrailleurs;Rialto Pictures;Thriller-or-Suspense
648;Arbitrage;Roadside Attractions;Thriller-or-Suspense
649;Los Condenados;Strand;Thriller-or-Suspense
650;Plush;IM Global/Blumhouse;Thriller-or-Suspense
651;Pawn;Anchor Bay Entert…;Thriller-or-Suspense
652;Deadfall;Magnolia Pictures;Thriller-or-Suspense
653;Knife Fight;IFC Films;Thriller-or-Suspense
654;La marque des anges;Mongrel Media;Thriller-or-Suspense
655;Le combat dans l'Ã®le;The Film Desk;Thriller-or-Suspense
657;The Hunger Games: Mockingja…;Lionsgate;Thriller-or-Suspense
658;Gone Girl;20th Century Fox;Thriller-or-Suspense
659;The Purge: Anarchy;Universal;Thriller-or-Suspense
660;No Good Deed;Sony Pictures;Thriller-or-Suspense
661;Into the Storm;Warner Bros.;Thriller-or-Suspense
662;Nightcrawler;Open Road;Thriller-or-Suspense
663;3 Days to Kill;Relativity;Thriller-or-Suspense
664;The November Man;Relativity;Thriller-or-Suspense
665;Transcendence;Warner Bros.;Thriller-or-Suspense
666;Gravity;Warner Bros.;Thriller-or-Suspense
667;A Most Wanted Man;Roadside Attractions;Thriller-or-Suspense
668;Left Behind;Freestyle Releasing;Thriller-or-Suspense
669;Snowpiercer;RADiUS-TWC;Thriller-or-Suspense
670;Before I Go to Sleep;Clarius Entertain…;Thriller-or-Suspense
671;Under the Skin;A24;Thriller-or-Suspense
672;Kill the Messenger;Focus Features;Thriller-or-Suspense
673;Locke;A24;Thriller-or-Suspense
674;Repentance;Codeblack Enterta…;Thriller-or-Suspense
675;Enemy;A24;Thriller-or-Suspense
676;MÃ¡s negro que la noche;Lionsgate;Thriller-or-Suspense
677;Holiday;Reliance Entertai…;Thriller-or-Suspense
678;The Signal;Focus Features;Thriller-or-Suspense
679;Omar;Adopt Films;Thriller-or-Suspense
680;The Saratov Approach;Purdie Distribution;Thriller-or-Suspense
681;The Two Faces of January;Magnolia Pictures;Thriller-or-Suspense
682;The Captive;Entertainment One;Thriller-or-Suspense
683;In Secret;Roadside Attractions;Thriller-or-Suspense
684;Cold in July;IFC Films;Thriller-or-Suspense
685;The Guest;Picturehouse;Thriller-or-Suspense
686;Night Moves;Cinedigm;Thriller-or-Suspense
687;Blue Ruin;RADiUS-TWC;Thriller-or-Suspense
688;La chambre bleue;IFC Films;Thriller-or-Suspense
689;All is Lost;Roadside Attractions;Thriller-or-Suspense
690;Jinn;Freestyle Releasing;Thriller-or-Suspense
691;Bethlehem;Adopt Films;Thriller-or-Suspense
692;Escape Plan;Lionsgate;Thriller-or-Suspense
693;Final: The Rapture;Riverrain;Thriller-or-Suspense
694;Cheap Thrills;Drafthouse Films;Thriller-or-Suspense
695;Borgman;Drafthouse Films;Thriller-or-Suspense
696;The Bag Man;Cinedigm;Thriller-or-Suspense
697;A Field in England;Drafthouse Films;Thriller-or-Suspense
698;Big Bad Wolves;Magnet Pictures;Thriller-or-Suspense
699;Grand Piano;Magnolia Pictures;Thriller-or-Suspense
700;Murder Eleven;Indican Pictures;Thriller-or-Suspense
701;Cold Comes the Night;Stage 6 Samuel Go…;Thriller-or-Suspense
702;The Counselor;20th Century Fox;Thriller-or-Suspense
703;Alien Abduction;IFC Midnight;Thriller-or-Suspense
704;Last Passenger;Cohen Media Group;Thriller-or-Suspense
705;Radio Free Albemuth;Freestyle Releasing;Thriller-or-Suspense
706;Go For Sisters;Variance Films;Thriller-or-Suspense
707;LâÃ©trange couleur des larme…;Strand;Thriller-or-Suspense
708;Pioneer;Magnolia Pictures;Thriller-or-Suspense
709;The Devil's Hand;Roadside Attractions;Thriller-or-Suspense
710;Locker 13;Brothers' Ink Pro…;Thriller-or-Suspense
711;The Girl on the Train;Monterey Media;Thriller-or-Suspense
712;Missionary;Freestyle Releasing;Thriller-or-Suspense
713;These Final Hours;Mongrel Media;Thriller-or-Suspense
714;Truth;Left of Center En…;Thriller-or-Suspense
715;The Butterfly Room;Archstone Enterta…;Thriller-or-Suspense
716;The Last Days on Mars;Magnolia Pictures;Thriller-or-Suspense
718;The Hunger Games: Mockingja…;Lionsgate;Thriller-or-Suspense
719;The Martian;20th Century Fox;Thriller-or-Suspense
720;Bridge of Spies;Walt Disney;Thriller-or-Suspense
721;The Perfect Guy;Sony Pictures;Thriller-or-Suspense
722;Sicario;Lionsgate;Thriller-or-Suspense
723;The Gift;STX Entertainment;Thriller-or-Suspense
724;The Boy Next Door;Universal;Thriller-or-Suspense
725;No Escape;Weinstein Co.;Thriller-or-Suspense
726;Ex Machina;A24;Thriller-or-Suspense
727;Secret in Their Eyes;STX Entertainment;Thriller-or-Suspense
728;The Hunger Games: Mockingja…;Lionsgate;Thriller-or-Suspense
729;Self/Less;Focus Features;Thriller-or-Suspense
730;The Gunman;Open Road;Thriller-or-Suspense
731;Blackhat;Universal;Thriller-or-Suspense
732;The Loft;Open Road;Thriller-or-Suspense
733;Victor Frankenstein;20th Century Fox;Thriller-or-Suspense
734;Truth;Sony Pictures Cla…;Thriller-or-Suspense
735;Assassination;Well Go USA;Thriller-or-Suspense
736;Legend;Universal;Thriller-or-Suspense
737;Gone Girl;20th Century Fox;Thriller-or-Suspense
738;â71;Roadside Attractions;Thriller-or-Suspense
739;Child 44;Lionsgate;Thriller-or-Suspense
740;Black Sea;Focus Features;Thriller-or-Suspense
741;Remember;Entertainment One;Thriller-or-Suspense
742;The Third Man;Selznick Releasin…;Thriller-or-Suspense
743;Wo shi zheng ren;China Lion Film D…;Thriller-or-Suspense
744;Badlapur;Eros Entertainment;Thriller-or-Suspense
745;Nightcrawler;Open Road;Thriller-or-Suspense
746;Freetown;Purdie Distribution;Thriller-or-Suspense
747;Nh10;Eros Entertainment;Thriller-or-Suspense
748;Dark Places;A24;Thriller-or-Suspense
749;Une nouvelle amie;Mongrel Media;Thriller-or-Suspense
750;La French;Drafthouse Films;Thriller-or-Suspense
751;Beeba Boys;;Thriller-or-Suspense
752;Cop Car;Focus Features;Thriller-or-Suspense
753;Z for Zachariah;Roadside Attractions;Thriller-or-Suspense
754;Every Secret Thing;Starz Digital Media;Thriller-or-Suspense
755;Man from Reno;Gravitas Ventures;Thriller-or-Suspense
756;Backcountry;IFC Midnight;Thriller-or-Suspense
757;Du rififi chez les hommes;;Thriller-or-Suspense
758;Heist;Lionsgate;Thriller-or-Suspense
759;Beyond The Reach;Roadside Attractions;Thriller-or-Suspense
760;Lost River;Warner Bros.;Thriller-or-Suspense
761;Mr. X;Fox International;Thriller-or-Suspense
762;Marnie;;Thriller-or-Suspense
763;Knock Knock;Lionsgate;Thriller-or-Suspense
764;Kill Me Three Times;Magnolia Pictures;Thriller-or-Suspense
765;Extraction;Lionsgate;Thriller-or-Suspense
766;Kkeut-kka-ji-gan-da;Kino Lorber;Thriller-or-Suspense
767;Dawn of the Crescent Moon;Indican Pictures;Thriller-or-Suspense
768;Area 51;Paramount Pictures;Thriller-or-Suspense
769;Victoria;Adopt Films;Thriller-or-Suspense
770;Gabriel;Oscilloscope Pict…;Thriller-or-Suspense
771;The Suicide Theory;Freestyle Releasing;Thriller-or-Suspense
772;AllÃ©luia;Doppelganger Rele…;Thriller-or-Suspense
773;The Living;Monterey Media;Thriller-or-Suspense
774;Dias de gracia;Cinema Libre;Thriller-or-Suspense
775;Blackhats;Reel One Entertai…;Thriller-or-Suspense
776;Hyena;TriBeca Films;Thriller-or-Suspense
777;Windsor Drive;Indican Pictures;Thriller-or-Suspense
778;Julia;Archstone Enterta…;Thriller-or-Suspense
779;La chambre bleue;IFC Films;Thriller-or-Suspense
780;Body;Oscilloscope Pict…;Thriller-or-Suspense
781;La dame dans lâauto avec de…;Magnolia Pictures;Thriller-or-Suspense
782;Cut Snake;Monterey Media;Thriller-or-Suspense
783;The Captive;Entertainment One;Thriller-or-Suspense
784;El Nino;Distrib Films;Thriller-or-Suspense
785;Pioneer;Magnolia Pictures;Thriller-or-Suspense
